Platform,Link,Company,Last Validated
AgoraCloud E-Invoice,https://www.qrra.com/e-invoice-software-malaysia,QR Retail Automation (ASIA) Sdn Bhd.,2026-09-26T00:00:00Z
Autocount,https://www.autocountsoft.com/autocount-einvoice-solution-malaysia_Why_AC.html,Auto Count Sdn Bhd,2026-09-26T00:00:00Z
Axrail,,Axrail Pte. Ltd.,2026-09-26T00:00:00Z
ClearTax,https://www.cleartax.com/my/en,Defmacro Software Pvt. Ltd.,2026-09-26T00:00:00Z
GO E-Invoice,https://www.egroup.com.my/goeinvoice,Egroup Tech Sdn. Bhd.,2026-09-26T00:00:00Z
invoice2e,,Day One Technology Sdn Bhd,2026-09-26T00:00:00Z
Odoo by Onnet,https://onnet.my/e-invoicing-malaysia,Onnet Consulting Sdn Bhd,2026-10-04T00:00:00Z
Panda E-Invoice,,Panda Software House Sdn Bhd,2026-09-26T00:00:00Z
RGTech,,Radiant Globaltech Berhad,2026-09-26T00:00:00Z
Smart E-Invoice Platform,https://www.smart-acc.com/solution/e-invoice-middleware,Smart-Acc Solution Sdn Bhd.,2026-09-26T00:00:00Z
Xilnex,,Xilnex Holdings Sdn Bhd,2026-09-26T00:00:00Z
Zeoniq,https://www.zeoniq.my/product/e-invoice,Zeoniq Malaysia Sdn. Bhd.,2026-10-04T00:00:00Z
